Valid on march 2023
"Minimum wage with effect from January 1, 2022"
The amounts are in Dominican Peso.
,Per month
A large enterprise with 151 or more workers OR an enterprise whose annual sales exceeds 202 million pesos,"DOP21,000.00"
A medium enterprise with 51-150 workers OR an enterprise whose annual sales lies between 54 million pesos and 202 million pesos,"DOP19,250.00"
A small enterprise with 11-50 workers OR an enterprise whose annual sales lies between 8 million pesos and 54 million pesos,"DOP12,900.00"
A micro enterprise with 10 or less workers OR an enterprise whose annual sales are up to 8 million pesos,"DOP11,900.00"
