DateTime,SrcIP,SrcPort,DestIP,DestPort,BytesTotal,Msg,Malicious
1,206.189.141.16,34862,169.244.6.98,22,60,-,0
1,206.189.141.16,34862,169.244.6.98,22,4281,-,0
1,206.189.201.63,41400,169.244.6.98,22,60,-,0
1,206.189.201.63,41400,169.244.6.98,22,4313,-,0
1,206.189.201.63,44586,169.244.6.98,22,60,-,0
1,206.189.201.63,44586,169.244.6.98,22,4313,-,0
1,138.197.102.194,35078,169.244.6.98,22,60,-,0
1,138.197.102.194,35078,169.244.6.98,22,4241,-,0
1,206.189.201.63,42576,169.244.6.98,22,60,-,0
1,206.189.201.63,42576,169.244.6.98,22,4313,-,0
1,206.189.141.16,43574,169.244.6.98,22,60,-,0
1,206.189.141.16,43574,169.244.6.98,22,4281,-,0
1,206.189.201.63,58608,169.244.6.98,22,60,-,0
1,138.197.102.194,37520,169.244.6.98,22,4321,-,0
1,206.189.141.16,50782,169.244.6.98,22,4281,-,0
1,206.189.201.63,58608,169.244.6.98,22,4281,-,0
1,206.189.201.63,56034,169.244.6.98,22,60,-,0
1,206.189.201.63,56034,169.244.6.98,22,4281,-,0
1,206.189.201.63,55332,169.244.6.98,22,60,-,0
1,206.189.201.63,55332,169.244.6.98,22,4281,-,0
1,206.189.141.16,40000,169.244.6.98,22,60,-,0
1,206.189.141.16,40000,169.244.6.98,22,4281,-,0
1,206.189.201.63,46242,169.244.6.98,22,60,-,0
1,206.189.201.63,46242,169.244.6.98,22,4281,-,0
1,138.197.102.194,46316,169.244.6.98,22,60,-,0
1,138.197.102.194,46316,169.244.6.98,22,4281,-,0
1,206.189.201.63,50190,169.244.6.98,22,60,-,0
1,206.189.201.63,50190,169.244.6.98,22,4281,-,0
1,170.64.158.211,52528,169.244.6.98,22,60,-,0
1,170.64.158.211,52528,169.244.6.98,22,4297,-,0
1,206.189.201.63,50532,169.244.6.98,22,60,-,0
1,206.189.201.63,50532,169.244.6.98,22,4281,-,0
1,206.189.141.16,48668,169.244.6.98,22,60,-,0
1,206.189.141.16,48668,169.244.6.98,22,4281,-,0
1,206.189.201.63,41774,169.244.6.98,22,60,-,0
1,206.189.201.63,41774,169.244.6.98,22,4281,-,0
1,138.197.102.194,56472,169.244.6.98,22,60,-,0
1,206.189.201.63,36572,169.244.6.98,22,60,-,0
1,138.197.102.194,56472,169.244.6.98,22,4281,-,0
1,206.189.201.63,36572,169.244.6.98,22,4281,-,0
1,206.189.201.63,40246,169.244.6.98,22,60,-,0
1,206.189.201.63,40246,169.244.6.98,22,4281,-,0
1,206.189.141.16,44340,169.244.6.98,22,60,-,0
1,206.189.141.16,44340,169.244.6.98,22,4281,-,0
1,206.189.201.63,50660,169.244.6.98,22,60,-,0
1,206.189.201.63,50660,169.244.6.98,22,4281,-,0
1,206.189.201.63,52432,169.244.6.98,22,60,-,0
1,206.189.201.63,52432,169.244.6.98,22,4281,-,0
1,138.197.102.194,50350,169.244.6.98,22,60,-,0
1,138.197.102.194,50350,169.244.6.98,22,4241,-,0
1,206.189.201.63,38586,169.244.6.98,22,60,-,0
1,206.189.201.63,38586,169.244.6.98,22,4281,-,0
1,206.189.141.16,49170,169.244.6.98,22,60,-,0
1,206.189.141.16,49170,169.244.6.98,22,4281,-,0
1,170.64.200.132,53643,169.244.6.98,22,46,-,0
1,206.189.201.63,42952,169.244.6.98,22,60,-,0
1,170.64.200.132,53643,169.244.6.98,22,130,-,0
1,206.189.201.63,42952,169.244.6.98,22,4281,-,0
1,206.189.201.63,48430,169.244.6.98,22,60,-,0
1,206.189.201.63,48430,169.244.6.98,22,4281,-,0
1,206.189.201.63,46396,169.244.6.98,22,60,-,0
1,138.197.102.194,35872,169.244.6.98,22,60,-,0
1,206.189.201.63,46396,169.244.6.98,22,4281,-,0
1,138.197.102.194,35872,169.244.6.98,22,4337,-,0
1,206.189.201.63,51942,169.244.6.98,22,60,-,0
1,206.189.201.63,51942,169.244.6.98,22,4297,-,0
1,47.93.252.66,52884,169.244.6.98,22,60,-,0
1,206.189.201.63,36752,169.244.6.98,22,60,-,0
1,206.189.201.63,36752,169.244.6.98,22,4297,-,0
1,47.93.252.66,41500,169.244.6.98,22,60,-,0
1,47.93.252.66,52884,169.244.6.98,22,456,-,0
1,47.93.252.66,41500,169.244.6.98,22,3783,-,0
1,47.93.252.66,45070,169.244.6.98,22,60,-,0
1,138.197.102.194,58504,169.244.6.98,22,60,-,0
1,47.93.252.66,53048,169.244.6.98,22,60,-,0
1,138.197.102.194,58504,169.244.6.98,22,4321,-,0
1,47.93.252.66,45070,169.244.6.98,22,3795,-,0
1,206.189.201.63,42530,169.244.6.98,22,60,-,0
1,206.189.201.63,42530,169.244.6.98,22,4281,-,0
1,47.93.252.66,55590,169.244.6.98,22,60,-,0
1,47.93.252.66,53048,169.244.6.98,22,3715,-,0
1,47.93.252.66,58924,169.244.6.98,22,60,-,0
1,47.93.252.66,55590,169.244.6.98,22,3715,-,0
1,206.189.141.16,50532,169.244.6.98,22,60,-,0
1,47.93.252.66,38624,169.244.6.98,22,60,-,0
1,47.93.252.66,58924,169.244.6.98,22,3715,-,0
1,206.189.141.16,50532,169.244.6.98,22,4241,-,0
1,47.93.252.66,38624,169.244.6.98,22,3875,-,0
1,47.93.252.66,39050,169.244.6.98,22,60,-,0
1,47.93.252.66,39050,169.244.6.98,22,3715,-,0
1,206.189.201.63,49160,169.244.6.98,22,60,-,0
1,47.93.252.66,44528,169.244.6.98,22,60,-,0
1,206.189.201.63,49160,169.244.6.98,22,4281,-,0
1,47.93.252.66,44528,169.244.6.98,22,3875,-,0
1,47.93.252.66,44916,169.244.6.98,22,60,-,0
1,47.93.252.66,44916,169.244.6.98,22,3715,-,0
1,47.93.252.66,52878,169.244.6.98,22,60,-,0
1,47.93.252.66,52878,169.244.6.98,22,3715,-,0
1,47.93.252.66,53212,169.244.6.98,22,60,-,0
1,47.93.252.66,58756,169.244.6.98,22,60,-,0
1,47.93.252.66,53212,169.244.6.98,22,3715,-,0
1,206.189.201.63,59378,169.244.6.98,22,60,-,0
1,47.93.252.66,38438,169.244.6.98,22,60,-,0
1,206.189.201.63,59378,169.244.6.98,22,4321,-,0
1,47.93.252.66,58756,169.244.6.98,22,3715,-,0
1,206.189.201.63,36362,169.244.6.98,22,60,-,0
1,47.93.252.66,38438,169.244.6.98,22,2555,-,0
1,206.189.201.63,36362,169.244.6.98,22,4241,-,0
1,47.93.252.66,58276,169.244.6.98,22,60,-,0
1,206.189.141.16,39010,169.244.6.98,22,60,-,0
1,138.197.102.194,38072,169.244.6.98,22,60,-,0
1,47.93.252.66,58618,169.244.6.98,22,60,-,0
1,47.93.252.66,58276,169.244.6.98,22,3755,-,0
1,206.189.141.16,39010,169.244.6.98,22,4321,-,0
1,138.197.102.194,38072,169.244.6.98,22,4281,-,0
1,47.93.252.66,58618,169.244.6.98,22,3847,-,0
1,47.93.252.66,38482,169.244.6.98,22,60,-,0
1,47.93.252.66,38482,169.244.6.98,22,3755,-,0
1,47.93.252.66,42052,169.244.6.98,22,60,-,0
1,206.189.201.63,37040,169.244.6.98,22,60,-,0
1,206.189.201.63,37040,169.244.6.98,22,4281,-,0
1,47.93.252.66,43420,169.244.6.98,22,60,-,0
1,47.93.252.66,42052,169.244.6.98,22,3811,-,0
1,47.93.252.66,43420,169.244.6.98,22,3715,-,0
1,47.93.252.66,51346,169.244.6.98,22,60,-,0
1,170.64.158.211,60538,169.244.6.98,22,60,-,0
1,47.93.252.66,51776,169.244.6.98,22,60,-,0
1,47.93.252.66,51346,169.244.6.98,22,3899,-,0
1,170.64.158.211,60538,169.244.6.98,22,4281,-,0
1,47.93.252.66,51776,169.244.6.98,22,4347,-,0
1,47.93.252.66,56384,169.244.6.98,22,60,-,0
1,206.189.201.63,36768,169.244.6.98,22,60,-,0
1,47.93.252.66,56762,169.244.6.98,22,60,-,0
1,206.189.201.63,36768,169.244.6.98,22,4241,-,0
1,47.93.252.66,56384,169.244.6.98,22,3715,-,0
1,47.93.252.66,56762,169.244.6.98,22,3859,-,0
1,47.93.252.66,36416,169.244.6.98,22,60,-,0
1,206.189.201.63,41038,169.244.6.98,22,60,-,0
1,206.189.201.63,41038,169.244.6.98,22,4281,-,0
1,206.189.141.16,42738,169.244.6.98,22,60,-,0
1,206.189.141.16,42738,169.244.6.98,22,4265,-,0
1,47.93.252.66,36416,169.244.6.98,22,3539,-,0
1,47.93.252.66,54574,169.244.6.98,22,60,-,0
1,47.93.252.66,54574,169.244.6.98,22,3755,-,0
1,47.93.252.66,34188,169.244.6.98,22,60,-,0
1,138.197.102.194,47136,169.244.6.98,22,60,-,0
1,47.93.252.66,34584,169.244.6.98,22,60,-,0
1,138.197.102.194,47136,169.244.6.98,22,4281,-,0
1,47.93.252.66,34188,169.244.6.98,22,3819,-,0
1,206.189.201.63,47734,169.244.6.98,22,60,-,0
1,206.189.201.63,47734,169.244.6.98,22,4281,-,0
1,47.93.252.66,34584,169.244.6.98,22,3755,-,0
1,47.93.252.66,39328,169.244.6.98,22,60,-,0
1,47.93.252.66,39328,169.244.6.98,22,3915,-,0
1,47.93.252.66,47238,169.244.6.98,22,60,-,0
1,95.181.239.4,61306,169.244.6.98,22,52,-,1
0,95.181.239.4,61306,169.244.6.98,22,52,-,1
0,47.93.252.66,47238,169.244.6.98,22,3795,-,0
0,47.93.252.66,47694,169.244.6.98,22,60,-,0
0,95.181.239.4,61306,169.244.6.98,22,4103,-,1
0,95.181.239.4,61306,169.244.6.98,22,4103,-,1
0,47.93.252.66,47694,169.244.6.98,22,3795,-,0
0,47.93.252.66,52414,169.244.6.98,22,60,-,0
0,206.189.201.63,52768,169.244.6.98,22,60,-,0
0,206.189.201.63,52768,169.244.6.98,22,4281,-,0
0,47.93.252.66,52806,169.244.6.98,22,60,-,0
0,47.93.252.66,52414,169.244.6.98,22,3755,-,0
0,47.93.252.66,52806,169.244.6.98,22,3896,-,0
0,47.93.252.66,60870,169.244.6.98,22,60,-,0
0,47.93.252.66,60870,169.244.6.98,22,3715,-,0
0,47.93.252.66,35936,169.244.6.98,22,60,-,0
0,206.189.141.16,55442,169.244.6.98,22,60,-,0
0,47.93.252.66,35936,169.244.6.98,22,3715,-,0
0,47.93.252.66,36322,169.244.6.98,22,60,-,0
0,206.189.201.63,47070,169.244.6.98,22,60,-,0
0,206.189.201.63,47070,169.244.6.98,22,4281,-,0
0,206.189.141.16,55442,169.244.6.98,22,4281,-,0
0,47.93.252.66,44154,169.244.6.98,22,60,-,0
0,47.93.252.66,36322,169.244.6.98,22,3715,-,0
0,47.93.252.66,47626,169.244.6.98,22,60,-,0
0,47.93.252.66,44154,169.244.6.98,22,3896,-,0
0,47.93.252.66,47626,169.244.6.98,22,3875,-,0
0,47.93.252.66,48060,169.244.6.98,22,60,-,0
0,206.189.201.63,57060,169.244.6.98,22,60,-,0
0,206.189.201.63,57060,169.244.6.98,22,4241,-,0
0,47.93.252.66,56058,169.244.6.98,22,60,-,0
0,47.93.252.66,48060,169.244.6.98,22,3767,-,0
0,141.98.11.90,35742,169.244.6.98,22,60,-,1
0,47.93.252.66,59386,169.244.6.98,22,60,-,0
0,141.98.11.90,35742,169.244.6.98,22,6785,-,1
0,47.93.252.66,56058,169.244.6.98,22,4363,-,0
0,141.98.11.90,35742,169.244.6.98,22,6785,-,1
0,138.197.102.194,35380,169.244.6.98,22,60,-,0
0,138.197.102.194,35380,169.244.6.98,22,4281,-,0
0,206.189.201.63,43560,169.244.6.98,22,60,-,0
0,206.189.201.63,43560,169.244.6.98,22,4281,-,0
0,47.93.252.66,59386,169.244.6.98,22,2723,-,0
0,47.93.252.66,50958,169.244.6.98,22,60,-,0
0,206.189.141.16,57214,169.244.6.98,22,60,-,0
0,47.93.252.66,50958,169.244.6.98,22,3715,-,0
0,47.93.252.66,51298,169.244.6.98,22,60,-,0
0,206.189.141.16,57214,169.244.6.98,22,4281,-,0
0,206.189.201.63,52372,169.244.6.98,22,60,-,0
0,206.189.201.63,52372,169.244.6.98,22,4281,-,0
0,47.93.252.66,51298,169.244.6.98,22,4295,-,0
0,47.93.252.66,54712,169.244.6.98,22,60,-,0
0,47.93.252.66,34290,169.244.6.98,22,60,-,0
0,47.93.252.66,54712,169.244.6.98,22,3795,-,0
0,47.93.252.66,34290,169.244.6.98,22,3795,-,0
0,47.93.252.66,34730,169.244.6.98,22,60,-,0
0,47.93.252.66,38142,169.244.6.98,22,60,-,0
0,47.93.252.66,34730,169.244.6.98,22,4387,-,0
0,206.189.201.63,52536,169.244.6.98,22,60,-,0
0,206.189.201.63,52536,169.244.6.98,22,4281,-,0
0,47.93.252.66,38142,169.244.6.98,22,3755,-,0
0,47.93.252.66,45954,169.244.6.98,22,60,-,0
0,47.93.252.66,46404,169.244.6.98,22,60,-,0
0,47.93.252.66,45954,169.244.6.98,22,3991,-,0
0,47.93.252.66,49352,169.244.6.98,22,60,-,0
0,47.93.252.66,46404,169.244.6.98,22,4583,-,0
0,138.197.102.194,38026,169.244.6.98,22,60,-,0
0,206.189.201.63,52464,169.244.6.98,22,60,-,0
0,138.197.102.194,38026,169.244.6.98,22,4281,-,0
0,206.189.201.63,52464,169.244.6.98,22,4281,-,0
0,47.93.252.66,49352,169.244.6.98,22,4567,-,0
0,47.93.252.66,55332,169.244.6.98,22,60,-,0
0,47.93.252.66,58378,169.244.6.98,22,60,-,0
0,47.93.252.66,55332,169.244.6.98,22,3835,-,0
0,206.189.141.16,57898,169.244.6.98,22,60,-,0
0,206.189.141.16,57898,169.244.6.98,22,4281,-,0
0,206.189.201.63,49444,169.244.6.98,22,60,-,0
0,206.189.201.63,49444,169.244.6.98,22,4281,-,0
0,170.64.158.211,49068,169.244.6.98,22,60,-,0
0,170.64.158.211,49068,169.244.6.98,22,4281,-,0
0,206.189.201.63,39076,169.244.6.98,22,60,-,0
0,206.189.201.63,39076,169.244.6.98,22,4281,-,0
0,206.189.201.63,59342,169.244.6.98,22,60,-,0
0,206.189.201.63,59342,169.244.6.98,22,4281,-,0
0,116.169.58.195,59676,169.244.6.98,22,60,-,1
0,138.197.102.194,35672,169.244.6.98,22,60,-,0
0,116.169.58.195,59676,169.244.6.98,22,1041,-,1
0,116.169.58.195,59676,169.244.6.98,22,1041,-,1
0,206.189.141.16,37822,169.244.6.98,22,60,-,0
0,138.197.102.194,35672,169.244.6.98,22,4281,-,0
0,206.189.141.16,37822,169.244.6.98,22,4281,-,0
0,206.189.201.63,42414,169.244.6.98,22,60,-,0
0,206.189.201.63,42414,169.244.6.98,22,4281,-,0
0,206.189.201.63,35336,169.244.6.98,22,60,-,0
0,206.189.201.63,35336,169.244.6.98,22,4281,-,0
0,206.189.201.63,38474,169.244.6.98,22,60,-,0
0,206.189.201.63,38474,169.244.6.98,22,4281,-,0
0,206.189.141.16,46266,169.244.6.98,22,60,-,0
0,206.189.141.16,46266,169.244.6.98,22,4281,-,0
0,206.189.201.63,50980,169.244.6.98,22,60,-,0
0,138.197.102.194,48052,169.244.6.98,22,60,-,0
0,206.189.201.63,50980,169.244.6.98,22,4281,-,0
0,138.197.102.194,48052,169.244.6.98,22,4281,-,0
0,206.189.201.63,45024,169.244.6.98,22,60,-,0
0,206.189.201.63,45024,169.244.6.98,22,4281,-,0
0,206.189.201.63,57196,169.244.6.98,22,60,-,0
0,206.189.201.63,57196,169.244.6.98,22,4281,-,0
0,206.189.141.16,52884,169.244.6.98,22,60,-,0
0,206.189.141.16,52884,169.244.6.98,22,4281,-,0
0,206.189.201.63,32790,169.244.6.98,22,60,-,0
0,206.189.201.63,32790,169.244.6.98,22,4281,-,0
0,138.197.102.194,51098,169.244.6.98,22,60,-,0
0,138.197.102.194,51098,169.244.6.98,22,4321,-,0
0,206.189.201.63,46736,169.244.6.98,22,60,-,0
0,206.189.201.63,46736,169.244.6.98,22,4281,-,0
0,170.64.158.211,40252,169.244.6.98,22,60,-,0
0,170.64.158.211,40252,169.244.6.98,22,4281,-,0
0,206.189.201.63,40724,169.244.6.98,22,60,-,0
0,206.189.141.16,50414,169.244.6.98,22,60,-,0
0,206.189.201.63,40724,169.244.6.98,22,4281,-,0
0,206.189.141.16,50414,169.244.6.98,22,4281,-,0
0,206.189.201.63,57986,169.244.6.98,22,60,-,0
0,206.189.201.63,57986,169.244.6.98,22,4281,-,0
0,206.189.201.63,46426,169.244.6.98,22,60,-,0
0,138.197.102.194,49140,169.244.6.98,22,60,-,0
0,206.189.201.63,46426,169.244.6.98,22,4321,-,0
0,138.197.102.194,49140,169.244.6.98,22,4281,-,0
0,206.189.141.16,46402,169.244.6.98,22,60,-,0
0,206.189.201.63,46390,169.244.6.98,22,60,-,0
0,206.189.201.63,46390,169.244.6.98,22,4241,-,0
0,206.189.141.16,46402,169.244.6.98,22,4281,-,0
0,206.189.201.63,41880,169.244.6.98,22,60,-,0
0,206.189.201.63,41880,169.244.6.98,22,4241,-,0
0,206.189.201.63,59246,169.244.6.98,22,60,-,0
0,206.189.201.63,59246,169.244.6.98,22,4281,-,0
0,138.197.102.194,45552,169.244.6.98,22,60,-,0
0,138.197.102.194,45552,169.244.6.98,22,4281,-,0
0,206.189.141.16,52640,169.244.6.98,22,60,-,0
0,206.189.141.16,52640,169.244.6.98,22,4321,-,0
0,206.189.201.63,43862,169.244.6.98,22,60,-,0
0,206.189.201.63,43862,169.244.6.98,22,4281,-,0
0,206.189.201.63,56750,169.244.6.98,22,60,-,0
0,206.189.201.63,56750,169.244.6.98,22,4281,-,0
0,206.189.201.63,52512,169.244.6.98,22,60,-,0
0,206.189.201.63,52512,169.244.6.98,22,4321,-,0
0,206.189.141.16,51906,169.244.6.98,22,60,-,0
0,206.189.141.16,51906,169.244.6.98,22,4281,-,0
0,138.197.102.194,36556,169.244.6.98,22,60,-,0
0,138.197.102.194,36556,169.244.6.98,22,4281,-,0
0,206.189.201.63,57512,169.244.6.98,22,60,-,0
0,206.189.201.63,57512,169.244.6.98,22,4281,-,0
0,170.64.158.211,49590,169.244.6.98,22,60,-,0
0,170.64.158.211,49590,169.244.6.98,22,4281,-,0
0,206.189.201.63,36650,169.244.6.98,22,60,-,0
0,206.189.201.63,36650,169.244.6.98,22,4281,-,0
0,206.189.201.63,38928,169.244.6.98,22,60,-,0
0,206.189.141.16,52048,169.244.6.98,22,60,-,0
0,206.189.201.63,38928,169.244.6.98,22,4281,-,0
0,206.189.141.16,52048,169.244.6.98,22,4281,-,0
0,206.189.201.63,35672,169.244.6.98,22,60,-,0
0,206.189.201.63,35672,169.244.6.98,22,4281,-,0
0,138.197.102.194,41768,169.244.6.98,22,60,-,0
0,138.197.102.194,41768,169.244.6.98,22,4281,-,0
0,206.189.201.63,47616,169.244.6.98,22,60,-,0
0,206.189.201.63,47616,169.244.6.98,22,4281,-,0
0,206.189.141.16,55500,169.244.6.98,22,60,-,0
0,206.189.201.63,35218,169.244.6.98,22,60,-,0
0,41.74.129.210,44808,169.244.6.98,22,56,-,0
0,206.189.141.16,55500,169.244.6.98,22,4281,-,0
0,206.189.201.63,35218,169.244.6.98,22,4281,-,0
0,41.74.129.210,44808,169.244.6.98,22,4529,-,0
0,86.107.104.248,57454,169.244.6.98,22,52,-,1
0,86.107.104.248,57454,169.244.6.98,22,4103,-,1
0,86.107.104.248,57454,169.244.6.98,22,4103,-,1
0,206.189.201.63,36162,169.244.6.98,22,60,-,0
0,206.189.201.63,36162,169.244.6.98,22,4281,-,0
0,138.197.102.194,47410,169.244.6.98,22,60,-,0
0,138.197.102.194,47410,169.244.6.98,22,4201,-,0
0,206.189.201.63,39288,169.244.6.98,22,60,-,0
0,206.189.201.63,39288,169.244.6.98,22,4281,-,0
0,206.189.141.16,59422,169.244.6.98,22,60,-,0
0,206.189.141.16,59422,169.244.6.98,22,4281,-,0
0,206.189.201.63,34292,169.244.6.98,22,60,-,0
0,206.189.201.63,34292,169.244.6.98,22,4281,-,0
0,206.189.201.63,54628,169.244.6.98,22,60,-,0
0,206.189.201.63,54628,169.244.6.98,22,4281,-,0
0,206.189.201.63,43894,169.244.6.98,22,60,-,0
0,206.189.201.63,43894,169.244.6.98,22,4241,-,0
0,138.197.102.194,59720,169.244.6.98,22,60,-,0
0,138.197.102.194,59720,169.244.6.98,22,4281,-,0
0,206.189.141.16,38702,169.244.6.98,22,60,-,0
0,206.189.141.16,38702,169.244.6.98,22,4281,-,0
0,206.189.201.63,59154,169.244.6.98,22,60,-,0
0,206.189.201.63,59154,169.244.6.98,22,4241,-,0
0,170.64.158.211,42398,169.244.6.98,22,60,-,0
0,170.64.158.211,42398,169.244.6.98,22,4281,-,0
0,206.189.201.63,59104,169.244.6.98,22,60,-,0
0,206.189.201.63,59104,169.244.6.98,22,4281,-,0
0,206.189.201.63,51408,169.244.6.98,22,60,-,0
0,206.189.201.63,51408,169.244.6.98,22,4281,-,0
0,206.189.141.16,37392,169.244.6.98,22,60,-,0
0,206.189.141.16,37392,169.244.6.98,22,4321,-,0
0,138.197.102.194,49924,169.244.6.98,22,60,-,0
0,138.197.102.194,49924,169.244.6.98,22,4281,-,0
0,206.189.201.63,47066,169.244.6.98,22,60,-,0
0,206.189.201.63,47066,169.244.6.98,22,4281,-,0
0,206.189.201.63,54038,169.244.6.98,22,60,-,0
0,206.189.201.63,54038,169.244.6.98,22,4281,-,0
0,206.189.201.63,49454,169.244.6.98,22,60,-,0
0,206.189.201.63,49454,169.244.6.98,22,4281,-,0
0,206.189.141.16,33024,169.244.6.98,22,60,-,0
0,206.189.141.16,33024,169.244.6.98,22,4281,-,0
0,206.189.201.63,49874,169.244.6.98,22,60,-,0
0,206.189.201.63,49874,169.244.6.98,22,4281,-,0
0,138.197.102.194,60134,169.244.6.98,22,60,-,0
0,138.197.102.194,60134,169.244.6.98,22,4297,-,0
0,116.169.58.195,35188,169.244.6.98,22,60,-,1
0,116.169.58.195,35188,169.244.6.98,22,1041,-,1
0,116.169.58.195,35188,169.244.6.98,22,1041,-,1
0,206.189.201.63,40356,169.244.6.98,22,60,-,0
0,206.189.201.63,40356,169.244.6.98,22,4281,-,0
0,206.189.201.63,53284,169.244.6.98,22,60,-,0
0,206.189.201.63,53284,169.244.6.98,22,4281,-,0
0,206.189.141.16,57026,169.244.6.98,22,60,-,0
0,206.189.141.16,57026,169.244.6.98,22,4321,-,0
0,206.189.201.63,44152,169.244.6.98,22,60,-,0
0,206.189.201.63,44152,169.244.6.98,22,4281,-,0
0,39.124.42.125,50859,169.244.6.98,22,46,-,1
0,39.124.42.125,50119,169.244.6.98,22,60,-,1
0,39.124.42.125,50859,169.244.6.98,22,130,-,1
0,39.124.42.125,50119,169.244.6.98,22,1658,-,1
0,39.124.42.125,50119,169.244.6.98,22,1658,-,1
0,138.197.102.194,40122,169.244.6.98,22,60,-,0
0,138.197.102.194,40122,169.244.6.98,22,4281,-,0
0,206.189.201.63,46482,169.244.6.98,22,60,-,0
0,206.189.201.63,46482,169.244.6.98,22,4281,-,0
0,170.64.158.211,35496,169.244.6.98,22,60,-,0
0,170.64.158.211,35496,169.244.6.98,22,4321,-,0
0,206.189.201.63,35684,169.244.6.98,22,60,-,0
0,206.189.201.63,35684,169.244.6.98,22,4281,-,0
0,206.189.141.16,52586,169.244.6.98,22,60,-,0
0,206.189.141.16,52586,169.244.6.98,22,4281,-,0
0,206.189.201.63,33324,169.244.6.98,22,60,-,0
0,206.189.201.63,33324,169.244.6.98,22,4281,-,0
0,95.181.239.4,61762,169.244.6.98,22,52,-,1
0,95.181.239.4,61762,169.244.6.98,22,4103,-,1
0,206.189.201.63,49924,169.244.6.98,22,60,-,0
0,206.189.201.63,49924,169.244.6.98,22,4281,-,0
0,138.197.102.194,49038,169.244.6.98,22,60,-,0
0,138.197.102.194,49038,169.244.6.98,22,4281,-,0
0,206.189.201.63,55818,169.244.6.98,22,60,-,0
0,206.189.141.16,48314,169.244.6.98,22,60,-,0
0,206.189.201.63,55818,169.244.6.98,22,4281,-,0
0,206.189.141.16,48314,169.244.6.98,22,4281,-,0
0,156.146.57.133,59846,169.244.6.98,22,52,-,0
0,156.146.57.133,59846,169.244.6.98,22,4103,-,0
0,206.189.201.63,46988,169.244.6.98,22,60,-,0
0,206.189.201.63,46988,169.244.6.98,22,4281,-,0
0,206.189.201.63,60706,169.244.6.98,22,60,-,0
0,206.189.201.63,60706,169.244.6.98,22,4281,-,0
0,206.189.141.16,50782,169.244.6.98,22,60,-,0
0,138.197.102.194,37520,169.244.6.98,22,60,-,0
0,206.189.141.16,41294,169.244.6.98,22,60,-,0
0,206.189.141.16,41294,169.244.6.98,22,4281,-,0
0,170.64.158.211,45508,169.244.6.98,22,60,-,0
0,206.189.201.63,49538,169.244.6.98,22,60,-,0
0,170.64.158.211,45508,169.244.6.98,22,4337,-,0
0,206.189.201.63,49538,169.244.6.98,22,4281,-,0
0,206.189.201.63,57568,169.244.6.98,22,60,-,0
0,206.189.201.63,57568,169.244.6.98,22,4281,-,0
0,206.189.201.63,34726,169.244.6.98,22,60,-,0
0,206.189.141.16,55616,169.244.6.98,22,60,-,0
0,206.189.201.63,34726,169.244.6.98,22,4281,-,0
0,206.189.141.16,55616,169.244.6.98,22,4281,-,0
0,138.197.102.194,56538,169.244.6.98,22,60,-,0
0,138.197.102.194,56538,169.244.6.98,22,4281,-,0
0,206.189.201.63,48788,169.244.6.98,22,60,-,0
0,156.146.57.198,50145,169.244.6.98,22,52,-,0
0,206.189.201.63,48788,169.244.6.98,22,4281,-,0
0,156.146.57.198,50145,169.244.6.98,22,4103,-,0
0,206.189.201.63,34470,169.244.6.98,22,60,-,0
0,206.189.201.63,34470,169.244.6.98,22,4281,-,0
0,206.189.141.16,47066,169.244.6.98,22,60,-,0
0,206.189.201.63,39996,169.244.6.98,22,60,-,0
0,206.189.141.16,47066,169.244.6.98,22,4281,-,0
0,206.189.201.63,39996,169.244.6.98,22,4281,-,0
0,206.189.201.63,57086,169.244.6.98,22,60,-,0
0,206.189.201.63,57086,169.244.6.98,22,4241,-,0
0,138.197.102.194,36160,169.244.6.98,22,60,-,0
0,138.197.102.194,36160,169.244.6.98,22,4281,-,0
0,206.189.201.63,50892,169.244.6.98,22,60,-,0
0,206.189.201.63,50892,169.244.6.98,22,4241,-,0
0,206.189.141.16,36622,169.244.6.98,22,60,-,0
0,206.189.141.16,36622,169.244.6.98,22,4281,-,0
0,206.189.201.63,47788,169.244.6.98,22,60,-,0
0,206.189.201.63,47788,169.244.6.98,22,4281,-,0
0,206.189.201.63,43292,169.244.6.98,22,60,-,0
0,206.189.201.63,43292,169.244.6.98,22,4281,-,0
0,138.197.102.194,60198,169.244.6.98,22,60,-,0
0,138.197.102.194,60198,169.244.6.98,22,4281,-,0
0,206.189.201.63,49824,169.244.6.98,22,60,-,0
0,206.189.201.63,49824,169.244.6.98,22,4281,-,0
0,170.64.158.211,36460,169.244.6.98,22,60,-,0
0,170.64.158.211,36460,169.244.6.98,22,4281,-,0
0,206.189.141.16,46308,169.244.6.98,22,60,-,0
0,206.189.141.16,46308,169.244.6.98,22,4281,-,0
0,206.189.201.63,59162,169.244.6.98,22,60,-,0
0,206.189.201.63,59162,169.244.6.98,22,4281,-,0
0,206.189.201.63,45170,169.244.6.98,22,60,-,0
0,206.189.201.63,45170,169.244.6.98,22,4281,-,0
0,116.169.58.195,39018,169.244.6.98,22,60,-,1
0,116.169.58.195,39018,169.244.6.98,22,1041,-,1
0,206.189.201.63,50754,169.244.6.98,22,60,-,0
0,206.189.201.63,50754,169.244.6.98,22,4281,-,0
0,138.197.102.194,43512,169.244.6.98,22,60,-,0
0,138.197.102.194,43512,169.244.6.98,22,4281,-,0
0,206.189.141.16,55960,169.244.6.98,22,60,-,0
0,206.189.141.16,55960,169.244.6.98,22,4281,-,0
0,206.189.201.63,50854,169.244.6.98,22,60,-,0
0,206.189.201.63,50854,169.244.6.98,22,4241,-,0
0,206.189.201.63,60358,169.244.6.98,22,60,-,0
0,206.189.201.63,60358,169.244.6.98,22,4281,-,0
0,206.189.201.63,53912,169.244.6.98,22,60,-,0
0,206.189.201.63,53912,169.244.6.98,22,4281,-,0
0,206.189.141.16,42600,169.244.6.98,22,60,-,0
0,206.189.141.16,42600,169.244.6.98,22,4281,-,0
0,138.197.102.194,41026,169.244.6.98,22,60,-,0
0,138.197.102.194,41026,169.244.6.98,22,4281,-,0
0,206.189.201.63,60630,169.244.6.98,22,60,-,0
0,206.189.201.63,60630,169.244.6.98,22,4281,-,0
0,206.189.201.63,60830,169.244.6.98,22,60,-,0
0,206.189.201.63,60830,169.244.6.98,22,4281,-,0
0,206.189.201.63,46896,169.244.6.98,22,60,-,0
0,206.189.201.63,46896,169.244.6.98,22,4281,-,0
0,206.189.141.16,53806,169.244.6.98,22,60,-,0
0,206.189.141.16,53806,169.244.6.98,22,4281,-,0
0,206.189.201.63,38066,169.244.6.98,22,60,-,0
0,206.189.201.63,38066,169.244.6.98,22,4281,-,0
0,138.197.102.194,34880,169.244.6.98,22,60,-,0
0,138.197.102.194,34880,169.244.6.98,22,4281,-,0
0,170.64.158.211,39142,169.244.6.98,22,60,-,0
0,206.189.201.63,46862,169.244.6.98,22,60,-,0
0,170.64.158.211,39142,169.244.6.98,22,4281,-,0
0,206.189.201.63,46862,169.244.6.98,22,4281,-,0
0,206.189.201.63,47240,169.244.6.98,22,60,-,0
0,206.189.141.16,39288,169.244.6.98,22,60,-,0
0,206.189.201.63,47240,169.244.6.98,22,4281,-,0
0,206.189.141.16,39288,169.244.6.98,22,4281,-,0
0,206.189.201.63,38786,169.244.6.98,22,60,-,0
0,206.189.201.63,38786,169.244.6.98,22,4281,-,0
0,138.197.102.194,57226,169.244.6.98,22,60,-,0
0,138.197.102.194,57226,169.244.6.98,22,4281,-,0
0,206.189.201.63,37672,169.244.6.98,22,60,-,0
0,206.189.201.63,37672,169.244.6.98,22,4281,-,0
0,206.189.141.16,58526,169.244.6.98,22,60,-,0
0,206.189.201.63,33788,169.244.6.98,22,60,-,0
0,206.189.141.16,58526,169.244.6.98,22,4281,-,0
0,206.189.201.63,33788,169.244.6.98,22,4281,-,0
0,206.189.201.63,35974,169.244.6.98,22,60,-,0
0,206.189.201.63,35974,169.244.6.98,22,4281,-,0
0,198.235.24.40,51059,169.244.6.98,22,46,-,0
0,198.235.24.40,51059,169.244.6.98,22,130,-,0
0,35.203.211.164,55493,169.244.6.98,22,46,-,0
0,35.203.211.164,55493,169.244.6.98,22,130,-,0
0,206.189.201.63,41184,169.244.6.98,22,60,-,0
0,206.189.201.63,41184,169.244.6.98,22,4281,-,0
0,138.197.102.194,36080,169.244.6.98,22,60,-,0
0,138.197.102.194,36080,169.244.6.98,22,4313,-,0
0,206.189.141.16,37190,169.244.6.98,22,60,-,0
0,206.189.141.16,37190,169.244.6.98,22,4281,-,0
0,206.189.201.63,42266,169.244.6.98,22,60,-,0
0,206.189.201.63,42266,169.244.6.98,22,4281,-,0
0,95.181.239.2,61306,169.244.6.98,22,4103,-,0
0,95.181.239.2,61306,169.244.6.98,22,4103,-,0
0,46.238.185.120,50859,169.244.6.98,22,46,-,1
0,46.238.185.120,50119,169.244.6.98,22,60,-,1
0,46.238.185.120,50859,169.244.6.98,22,130,-,1
0,46.238.185.120,50119,169.244.6.98,22,1658,-,1
0,46.238.185.120,50119,169.244.6.98,22,1658,-,1
0,47.93.252.66,52884,169.244.6.98,22,60,-,1
0,47.93.252.66,50859,169.244.6.98,22,130,-,1
0,47.93.252.66,52884,169.244.6.98,22,60,-,1
0,47.93.252.66,52884,169.244.6.98,22,4103,-,1
0,47.93.252.66,52884,169.244.6.98,22,4103,-,1
0,47.93.252.66,52884,169.244.6.98,22,60,-,1